<?xml version="1.0" encoding="UTF-8"?>
<module rename-to='parent'>
    <!-- Inherit the core Web Toolkit stuff.                        -->
    <inherits name='com.google.gwt.user.User'/>

    <!-- We need the JUnit module in the main module,               -->
    <!-- otherwise eclipse complains (Google plugin bug?)           -->
    <inherits name='com.google.gwt.junit.JUnit'/>

    <!-- Inherit the default GWT style sheet.  You can change       -->
    <!-- the theme of your GWT application by uncommenting          -->
    <!-- any one of the following lines.                            -->
    <inherits name='com.google.gwt.user.theme.standard.Standard'/>
    <!-- <inherits name='com.google.gwt.user.theme.chrome.Chrome'/> -->
    <!-- <inherits name='com.google.gwt.user.theme.dark.Dark'/>     -->

    <!-- Other module inherits                                      -->
    <inherits name="com.aasys.sts.shared"/>
    <inherits name="com.aasys.sts.server"/>
    <inherits name="gwt.material.design.GwtMaterialDesign" />

    <!-- Specify the app entry point class.                         -->
    <entry-point class='com.aasys.sts.web.parent'/>

    <!-- Specify the paths for translatable code                    -->
    <source path='web'/>
</module>
